,model,semantic_error_count,predicted_text,ground_truth
136214,gemini-portkey_results,10,"'r' ambiguity. The letter after the first 'a' goes down to the baseline and comes up with a sharp turn, which is characteristic of a 'v'. If it were an","Bavaria , asked me if I would do something for two wards"
138742,gemini-portkey_results,10,"` - looks like an `a` but in fast cursive `ot` connections often look like `at`.
`t` - clearly a t.
`h` - clearly an",She plays the possessive mother of a man whose hobby revolves
137903,gemini-portkey_results,9,"' 'e'. The thing before 'e' is weird. It looks like 'r'. ""attractre""? No. Maybe it's not English? No, the rest is.","attractive - interest ! Tiredness has , therefore , as much to do"
134832,gemini-portkey_results,8,"looks like a 'j' or 'y' but fits 'g' in context. The 't' is crossed. 'l' is tall. 'y' descends. Okay.
    *","the river . The film starts off brightly enough but ,"
138601,gemini-portkey_results,8,""" part of ""myself."" - very distinct dot. After ""laughed"" - there is a dot, and it seems to have a tiny smudge or tail. Let's go with comma.","I 'd marry you myself . "" Gay laughed , Doc was"
137097,gemini-portkey_results,8,""" (part of 'g'?)
        - Crop 8: ""for""
        - Crop 9: ""advice.""
        - Crop 10: ""In""","at Ko""then , near Leipzig , asking for advice . In doing so he"
135074,gemini-portkey_results,8,""", ""i"", ""c"", ""c"", ""u"", ""p"". The ""h"" is clear. ""i"" has a dot. ""c"", ""c"". """,clear hiccup and falls flat on its back . This
137220,gemini-portkey_results,8,") - b (loop up) - l (loop up) - e (loop). Let's count the downward strokes after the 'i': 1, 2,","incredibly ancient car , surrounded by innumerable friends and relatives ."
140709,gemini-portkey_results,8,"' in the prompt. I shouldn't rely on the prompt's artifacts. Let's look at the image again. The word is ""Sir"". The 'S'",""" Good luck , Air Marshal , "" she said gently . "" I 'll"
131951,gemini-portkey_results,8,") `m` (3 humps) `i` (short) `t` (tall, crossed) `a` (round, closed) `t` (tall, crossed) `e","a "" limited state of emergency "" was declared , giving"
133574,gemini-portkey_results,8,"""if"" - Clear.
    *   ""their"" - Look at the first letter. It's a tall vertical line crossed horizontally. It's a lowercase 't",that freedom last if their policies were adopted ?
136113,gemini-portkey_results,7,"stroke up and down).
        *   `n`: two humps.
        *   `c`: simple curve.
        *   `u`: two points up.
        *",the incumbent of the highest church in the
109653,chatgpt-gpt4o_results,7,I don't know if. He's a Soul as easy to pass as excited,I doubt it . He 's about as easy to push around
133792,gemini-portkey_results,7,"(cursive 'n')
        *   `g` (cursive 'g')
        *   `e` (cursive 'e')
        *   `l` (cursive 'l","Angel . "" I don't know why I was so"
131716,gemini-portkey_results,7,"'.
        *   Fourth letter: 'k' or 'h'?
        *   Let's compare ""background"" vs ""husband"".
        *   If it's """,""" My background is a doctor of 68 , who"
133548,gemini-portkey_results,7,"- lowercase.
        *   ""s"" - lowercase.
        *   ""i"" - lowercase.
        *   ""t"" - lowercase.
        *   """,If the Government now reverses its plan to give the
138595,gemini-portkey_results,7,"gently` - lowercase g.
    *   `mocked` - lowercase m.
    *   `her,` - lowercase h. Comma.
    *   `","like Alice in Wonderland , "" Doc gently mocked her , "" and"
137801,gemini-portkey_results,7,"-[r/n]-i-a-l. Actually, e-d-i-t-i-o-n-a-l. The dot is over the second 'i'",is a matter of editorial decision rather
137448,gemini-portkey_results,7,"Yes, well... ""` -> the first mark is weird. I'll just omit it if it's too ambiguous, but it looks like a quote. Let's just write",""" Yes , well ... . "" He judged that she had been sufficiently"
132792,gemini-portkey_results,7,` - This looks like an opening double quote written quickly as two little ticks or one messy tick. It looks like `u`. Let's assume it's an opening quote based on context.,"brought a bark of "" Start another war ! """
136146,gemini-portkey_results,6,"s` (Capital T [cursive style], a, y, l, o, r, apostrophe, s) -> The T in Taylor is a bit unusual, might just be",Then we went to work on Coleridge Taylor's ' Hiawatha's
139530,gemini-portkey_results,6,": cursive r shape
        *   b: tall stem with bottom loop
        *   e: standard loop
        *   r: cursive r shape
        *   a: closed loop with","immersion in gloom , and the clash of reverberated"
139119,gemini-portkey_results,6,""". I'll just write it as lowercase as it's a mid-sentence word and the shape is more akin to lowercase cursive.

Final decision: ""do for the world",do for the world Using my hand .
138299,gemini-portkey_results,6,"Let's look at it again carefully. The 'n' has two humps. Then there is an 's' attached. Yes. ""Broughtons"".
        *","office . "" And what did it look like , Broughtons ? Some"
136601,gemini-portkey_results,6,"' 'h' 'e'. I will stick with ""the"".
    *   Wait, let me look at the crop 3 and 4. The word is ""the"".","of Radicalism , & then God knows what may happen ... ."
137445,gemini-portkey_results,6,"s'. The 'a' in 'gave' is closed. The letter after 'c' is open. It looks more like an 'o' whose loop didn't close, or","dazzled and gave a long raucous cough . "" Only"
139165,gemini-portkey_results,6,"Let's look at ""cure"". `c` `u` `r` `e`. It fits the strokes well. `c` (small curve), `u` (","so we are unable to cure our own minds ,"
133615,gemini-portkey_results,6,"' curl. It looks like an 'x' actually in some cursive styles, but 'banx' is nonsense. It's a 'k' where the top loop of the 'k' is",the bank is made of boys and girls aged 15
107909,chatgpt-gpt4o_results,6,a mothu has never sole ol night thol his,a mother has news late at night that her
108388,chatgpt-gpt4o_results,6,the Roman wars thus impart our rile of later history,the Roman wars thus impale on pike or lance his
109252,chatgpt-gpt4o_results,6,"""he made, now, he did, ""ha! ha!"" he hollered, ""leap on your bicycle""","the mask , now , Ifor did . "" Dai Pugh , "" he bellowed . "" Leap on your bicycle"
133079,gemini-portkey_results,6,53`. Let's assume it's meant to be `1953` and the writer made a mistake and corrected it inline or just made a stray mark. Let me look at the,"East German disturbances on July 17 , 1953 . And officials"
108882,chatgpt-gpt4o_results,6,It is easy for persons to get on wonderfully well,to those of parsons he got on wonderfully well
132624,gemini-portkey_results,6,". No, W-a-t-k-i-n-s. The last letter looks like an 's'. Let me look again. ""Watkin"". Maybe just ""Watkin"".",no truth in suggestions that Mr. Watkinson
134032,gemini-portkey_results,6,"`p` `e` `a` `c` `e` -> peace
        *   (space) ->
        *   `a` `n` `d",peace and progress . WHEN all the
138965,gemini-portkey_results,6,"', then 'e'. 'lye'? No. 'dye'? The vertical line doesn't go below the baseline.
Let's assume it's ""we"".
Let's","the problem of life cannot be solved . "" Therefore shall 1ye lay"
139900,gemini-portkey_results,6,"(connecting stroke)
        *   `a` (round body, stroke down)
        *   `n` (hump)
        *   `t` (t","plate and mail of French knights , a brilliant"
104586,chatgpt-gpt4o_results,6,ah you our leader. You all the be,and your own teacher . You will then be
102145,chatgpt-gpt4o_results,6,that this is mostly included as a preface,that this # meeting will lead on to further
101485,chatgpt-gpt4o_results,6,I don't have the ability to transcribe handwritten text from the image.,of both their chief figures . Dr. Verwoerd and
140763,gemini-portkey_results,6,"'b'
        *    'r'
        *    'i'
        *    'd'
        *    'g' - yes,",him at the temporary bridge over the
104396,chatgpt-gpt4o_results,6,written decided are gauged even as literally wrote either,witness described one sprayed area as literally rank with
137095,gemini-portkey_results,5,"'ti' connection... it's a loop up for 't', then down for 'i'. It's ""patient"".
- ""and"": a-n-d. Looks good",described his distinguished patient and his symptoms . He told
107636,chatgpt-gpt4o_results,5,the lord king heda of herlo bob h having,the rock . King Mesha of Moab boasts of their
88506,chandra_results,5,"the mark, now, for did,"" said Hugh, he followed, ""Leap on your bicycle","the mask , now , Ifor did . "" Dai Pugh , "" he bellowed . "" Leap on your bicycle"
108898,chatgpt-gpt4o_results,5,he was a real nowhere man sitting in his B. I. P.,he was a keen member of the B.S.P. .
106578,chatgpt-gpt4o_results,5,"in 6eh. 2,8 and 1. of fol. 4,13.",in Neh. 2.8 and S. of Sol. 4.13 .
106066,chatgpt-gpt4o_results,5,"of hoising, we rousily trrust o","of twisting , he roughly thrust a"
107985,chatgpt-gpt4o_results,5,"My dear, good John works quietly through them.","be done and then work quietly through them ,"
102126,chatgpt-gpt4o_results,5,Don't sit down without is necessary - Read,but it says what is necessary - that
133277,gemini-portkey_results,5,"m
    strokea
    strokei (dotted)
    stroketall loop (h?)
    stroketall line (t) crossed with 'a",maintained an unflinching witness to what
93274,claude-vision_results,5,Donald Hourton hed a big ruces on at JV's,DONALD HOUSTON had a big success on A T V's
141589,gemini-portkey_results,5,"N-o-w`: Very clear.
    *   `t-h-e-r-e`: The 't' is tall, almost looks like an 'H' or an",nation . Now there was no-
140114,gemini-portkey_results,5,"`c`?, `t` (tall line), `i` (dotted), `o`, `n`, `s`. -> `convictions`.
    *   Fifth word: `",courage of their convictions and their
139586,gemini-portkey_results,5,loug brown nair in a bun at tne back of ner nead,long brown hair in a bun at the back of her head
101623,chatgpt-gpt4o_results,5,There for he unclear he’s in her,France for her nuclear tests in the
101640,chatgpt-gpt4o_results,5,"I don't have information on specific text shown in images, including handwritten text.",A personal letter of protest against the
101425,chatgpt-gpt4o_results,5,was agreed that the peak was clear reached,not agree that the point has been reached
101567,chatgpt-gpt4o_results,5,altitude realities calm prompt noon key,attitude of studied calm brought down the
10237,Qwen3-VL-8B-Instruct_results,5,"them out. ""He's the carol my lace, isn't he?""","them out . "" He 's the carrotty lad , isn't he ? """
8350,Qwen3-VL-8B-Instruct_results,5,The Roman war thus impah on pile of lanq his,the Roman wars thus impale on pike or lance his
141208,gemini-portkey_results,5,"d`. Wait, no. `h e ' s`. Let me look at the mark between 'e' and 's'. It looks like a stray mark, an apostrophe. Yes, `","Dan ? "" "" Know what ? "" "" That he 's dead , """
9641,Qwen3-VL-8B-Instruct_results,5,"to all kind of boats, wid dose bij, bij","to all kin' o' boats , wid d'ose big , big"
134373,gemini-portkey_results,5,"`. No.
    *   Let's transcribe it without overthinking the ambiguous marks if they are just scribbles, but they look deliberate. `""` and `-`.
    *","to the memory of "" - are seen as an"
135207,gemini-portkey_results,5,"', 's', 'o', 'n', 'a', 'l' -> ""personal"". The 'r' is a little indistinct, but the word is clearly ""personal"".",and lovely touch to personal possessions -
6366,Qwen3-VL-8B-Instruct_results,5,"love moun, He need grandmothers or He","love house , the mad grandmother or the"
134292,gemini-portkey_results,5,"""? No, the 'd' finishes with a little tail, no 's'. So it's ""background, which bring..."". Maybe it's referring to something plural before this snippet. Either","background , which bring the film so vividly to life ."
132677,gemini-portkey_results,5,"` -> ""leader"". Very clear.
        *   Word 3: `o-f` -> ""of"". Very clear.
        *   Word 4:","the Leader of the Opposition , Sir de"
110408,chatgpt-gpt4o_results,5,"clients eyes, he dealt in false security, of","client's eyes , the dust of fake security , of"
131295,gemini-portkey_results,5,"ns"" Yester` -> The punctuation mark is clearly `""` or `''`. It's a double quote closing.
        *   Crop 5: `sterday S`","to be demonstrations . "" Yesterday Sir Roy's"
108664,chatgpt-gpt4o_results,5,because we are using rote words.,became mere marauding route marches .
131581,gemini-portkey_results,5,"..."" maybe? It's too cut off.
Bottom line fragment: ""...r..."" maybe? Too cut off.
I will focus on the fully visible line.
""problem with Dr","problem with Dr. Brentano , the West"
134039,gemini-portkey_results,5,". ""15-"". The word ""years"" is standalone. Then ""-olds"". Okay, I'll transcribe it as ""15- years -olds"" if I want to be perfectly literal",most of the hopeful 15-year-olds leaving school
132901,gemini-portkey_results,5,"(closing double quote)
        *   (space)
        *   `i` `n` `t` `e` `r` `f` `e` `r`","and "" unwarranted "" interference . "" But it"
132334,gemini-portkey_results,5,"Let me re-evaluate ""therefore"". ""t"", ""h"", ""e"", ""r"", ""e"", ""f"", ""o"", ""r"", ""e"". The",for it - and therefore of any budget
109655,chatgpt-gpt4o_results,5,"of Hal, but went on civilly, “I'd been made","at that , but went on airily , "" I 'd have made"
136282,gemini-portkey_results,4,"] is arrived ..."". This doesn't make grammatical sense if the vertical line is nothing. What if the word before ""wrote"" ends in ""I""? ""I wrote, '..."".","wrote , ' is arrived , which is a great resource . Vesuvius"
4544,Qwen3-VL-8B-Instruct_results,4,"you our philosopher, you our psychologist","your own philosopher , your own psychologist"
4548,Qwen3-VL-8B-Instruct_results,4,ad yous our teacher. You will the be,and your own teacher . You will then be
7598,Qwen3-VL-8B-Instruct_results,4,sto boch. King Herba of Hado boats of Spain,the rock . King Mesha of Moab boasts of their
139558,gemini-portkey_results,4,"` `w` `a` `l` `k` `e` `d`. The 'k' is just a vertical line down, then back up and into a curve. Okay,",had walked deliberately into the blackness and
4357,Qwen3-VL-8B-Instruct_results,4,of DPT and fuel oil over 3million acres a she,of DDT and fuel oil over 3 million acres or when
4538,Qwen3-VL-8B-Instruct_results,4,ash question address the Cochs to,ask questions and uses the books to
6173,Qwen3-VL-8B-Instruct_results,4,"they're not - money - lenders?"" Mrs. - er - Buttery,","they 're not - money-lenders ? "" "" Mrs. - er - Buttery ,"
139012,gemini-portkey_results,4,represeuts ; (3) Dieppiug- iu reereseuts,represents Remez ; ( 3 ) Dipping-in represents
139282,gemini-portkey_results,4,""". Wait, ""Rabbi""? No dot. ""Rabb""? The last letter is tall. Let me search for ""Rami bar Rabh"". It's a plausible name. Let me",the comment of Rami bar Rabh is quoted
138566,gemini-portkey_results,4,I ain't edicated in shootin! It'd be an,2ain't 2eddicated in shootin' . It 'd be a
141262,gemini-portkey_results,4,"`t h e` -> the
    *   `u n s e e n` -> unseen. The 'u' might be a 'v'? No, 'unseen' is a real",""" Oh , "" said the unseen guard . He blew a"
141324,gemini-portkey_results,4,"`. No, it's `remembering`. Let me look at the loops. `r` - `e` - three humps for `m` - loop for `e` - three hum","only , yet remembering for a second the"
137303,gemini-portkey_results,4,""". No, it's definitely an 's'. Look at the 'g' in 'eager'. It has a full loop. This letter is just a squggle.","eager hand inside , his fingers"
137814,gemini-portkey_results,4,in Sch. 2. P and 1. of Sol. 4. 13.,in Neh. 2.8 and S. of Sol. 4.13 .
140978,gemini-portkey_results,4,"), `e` (loop).
        *   Actually, let's look at the word again. It starts with 'l' or 't'. Then 'e' or '",drag the boat ashore and turn
135639,gemini-portkey_results,4,pest coutrol by biological meaus. Both uatire aud,pest control by biological means . Both native and
80909,chandra_results,4,labeled M. P. s and hangued men,lobbied M.P.s and harangued them
80886,chandra_results,4,about solicitor General and Mr. Beaubour,"Labour Solicitor-General , and Mrs. Barbara"
110402,chatgpt-gpt4o_results,4,purpose from the Knowing of Descartes in 165,purpose than the throwing of dust in his
118375,chatgpt5_results,4,The housewife would find this for her living,The housewife would find life far less tiring
118065,chatgpt5_results,4,a deep impressioy oy our feelings ayd seyses.,a deep impression on our feelings and senses .
10364,Qwen3-VL-8B-Instruct_results,4, purpose then the knowing of death in her,purpose than the throwing of dust in his
10173,Qwen3-VL-8B-Instruct_results,4,and in live pool they'd wat sea-fares.,and in Liverpool they 'd want sea-farers .
9949,Qwen3-VL-8B-Instruct_results,4,SoT taller as the day wore on and he rooked,got hotter as the day wore on and we rested
131938,gemini-portkey_results,4,"p-r-e-m-e (space)
    *   l-a-w-''-) (space)
    *   r-e-p","of the people is the supreme law "" ) reports : "" The"
134351,gemini-portkey_results,4,"However, ""In A Taste af Honey"" is highly unlikely. Let's look at it again. Is it possible it's just a sloppy 'o'? Yes. The connection goes from the *",In A Taste of Honey Mr. Richardson has taken a
132882,gemini-portkey_results,4,"' part is a bit weird but 's' is clear, 'p' is clear, 'e' is clear, 'c' is clear, 'u' is clear, 'l'",quick in-and-out speculator deals .
132753,gemini-portkey_results,4,"'. Then 'e' - wait, there is no 'e'. It's `a` `n` `i` `n` `g`. So `...can",recalling Parliament or ordering mobilisation
133429,gemini-portkey_results,4,"), 'r' (flat top), 'n' (2 humps), 'i' (spike), 'n' (2 humps), 'g' (circle with tail below line).","troubles , mourning a terrible air crash ,"
79569,chandra_results,4,"Sanderson Sender - William Roberts, of","Southern Senator - Willis Robertson , of"
108881,chatgpt-gpt4o_results,4,"Socialism. Evil seed men, who seat it","socialism . With such men , who had the"
86614,chandra_results,4,I'm glad you're beginning to see that you're waking,I 'm glad you 're beginning to see that you 're wasting
86604,chandra_results,4,"and Jay's heat burned over. ""I'd like","and Gay's heart turned over . "" I 'd like"
85832,chandra_results,4,in det. 2.8 and 1. of vol. 4. 13.,in Neh. 2.8 and S. of Sol. 4.13 .
108222,chatgpt-gpt4o_results,4,Ihn thy stop swimming and ou cough. In,Then they stop swimming and are caught . In
109237,chatgpt-gpt4o_results,4,hears that Mofyah was hearing him as surely as she was hearing them all,heart that Morfydd was leaving him as surely as she was leaving Dinas .
109241,chatgpt-gpt4o_results,4,"Denis Motor Innilsy lo, to ask what had happened ter Their",Dinas Motor Omnibus Co. to ask what had happened to their
109645,chatgpt-gpt4o_results,4,between god as savior and as judge,between what a senior and a junior
108984,chatgpt-gpt4o_results,4,one is lead and you red appeal,"over his head and yawned agape ,"
108985,chatgpt-gpt4o_results,4,He love thou lis break(cat-nook bench),He rose from his breakfast-nook bench
109767,chatgpt-gpt4o_results,4,"""said i, ""but I'd better stop using that now.","said ; "" but I 'd better stop thinking that now ."
109116,chatgpt-gpt4o_results,4,phere of the sun. I make which on Earth could hardly,sphere of the sun . A matter which on Earth would hardly
109678,chatgpt-gpt4o_results,4,could see 3amudm 3f'ing' he wen out in a,"could see 3anudder 3t'ing , "" he went on in a"
82745,chandra_results,4,"sensitively pushing, Mrs. Theda Allen her","insensitively pushing , Miss Sheila Allen his"
80740,chandra_results,4,"Viess Graatt, have been reduced mapped.","Villiers Graaff , have been returned unopposed ."
109722,chatgpt-gpt4o_results,4,the hills had one end at the,the tiller hard over and at the
109987,chatgpt-gpt4o_results,4,sit taller as the day wore on and he rocked,got hotter as the day wore on and we rested
109973,chatgpt-gpt4o_results,4,cowboy that lay all around gibber Crony,country that lay all round Gilburg Crossing .
110019,chatgpt-gpt4o_results,4,"humble them, loud and chill. the gun bored.","whistle then , loud and shrill . The gun barrel"
110016,chatgpt-gpt4o_results,4,"wavered. We put on horses, ready. Looking","wavered . We sat our horses , waiting . "" Looks as"
109654,chatgpt-gpt4o_results,4,an attempt to steal my lady - love feeling,an attempt to show my lady-love that I
109649,chatgpt-gpt4o_results,4,to the destination. That's a difference.,"able destination . "" "" There 's a difference"
110109,chatgpt-gpt4o_results,4,meet taking ourmedely to Sineone,corner talking animatedly to Simone .
110237,chatgpt-gpt4o_results,4,"OF  VARIETY   AND  IT'S  A  CHANCE  ""  MIKE  WAS  THE  HOSPITAL  'S","of variety and it 's a change . "" Nigel was the hospital's"
106069,chatgpt-gpt4o_results,4,graping alter woods of hive,groping after wads of five
106404,chatgpt-gpt4o_results,4,"love story, he need grandmother or her","love house , the mad grandmother or the"
107988,chatgpt-gpt4o_results,4,The end of the day will find her strong if,the end of the day with far less strain if
106283,chatgpt-gpt4o_results,4,"wa», bve, There was a true Provenc ¢? Sval, Kin ane","was true , Pierre was a true Provenc*?6al , thin and"
88507,chandra_results,4,"of humour, that Isaac. He laughed down the sewer. Very uncivil. Stopped","of humour , that Isaiah . He banged down the receiver . Very uncivil . Dropped"
107725,chatgpt-gpt4o_results,4,yield not uet \veiit auld liy perish quickly fean off the,yield not her fruit and lest 1ye perish quickly from off the
108896,chatgpt-gpt4o_results,4,"asy  Owin,  whe in 1911 Lino presented","Alf Barton , who in 1911 was presented"
107532,chatgpt-gpt4o_results,4,"co he loved him. Courteney played the part with a gawky,","C O believed him . Courtenay played the part with a gawky ,"
101614,chatgpt-gpt4o_results,4,Goals! performance written on the wind,Godber's performance merited all the mild
101580,chatgpt-gpt4o_results,4,The massive assault upon ideals is much,The trouble about such debates is that
101579,chatgpt-gpt4o_results,4,on the Congo. he knew Mr. Godeve way,"on the Congo . "" In turn , Mr. Godber was"
102948,chatgpt-gpt4o_results,4,"poor man for his miracle, paid 25 c.","poor monk for his miracle , and as a"
89656,chandra_results,4,purpose was the knowing of death in 85,purpose than the throwing of dust in his
87163,chandra_results,4,o mother has new look at night that his,a mother has news late at night that her
104576,chatgpt-gpt4o_results,4,ash question and use the tools to,ask questions and uses the books to
101782,chatgpt-gpt4o_results,4,they are lost in determining its source,play any part in # determining its future .
106211,chatgpt-gpt4o_results,4,"they’re not - money - lenders? Mrs. - er - Buttery,","they 're not - money-lenders ? "" "" Mrs. - er - Buttery ,"
103791,chatgpt-gpt4o_results,4,She has bigger love since Cardinal Newman.,the two biggest bores since Cardinal Newman .
102949,chatgpt-gpt4o_results,4,Soon a Civilal sping up at the sigul of,Soon a carnival springs up on the sight of
107987,chatgpt-gpt4o_results,4,The housewife would find this for her hiring,The housewife would find life far less tiring
100315,chatgpt-gpt4o_results,4,"Scrubero Smollen - William Robertson, Dr","Southern Senator - Willis Robertson , of"
101256,chatgpt-gpt4o_results,4,troops. this much there was that unclear,troops . His main theme was that nuclear
100299,chatgpt-gpt4o_results,4,"I’m sorry, I can’t assist with that.",It has aroused strong opposition from the anti-Negro
101486,chatgpt-gpt4o_results,4,"Viviens Graaft, have been abducted, murdered,","Villiers Graaff , have been returned unopposed ."
97263,claude-vision_results,4,to back. King Herla of Helo boats of their,the rock . King Mesha of Moab boasts of their
101153,chatgpt-gpt4o_results,4,"That G-d, and we Starflower","Fiat G-91 , and the F 104 Starfighter ,"
101129,chatgpt-gpt4o_results,4,"change, But the teach well are at their","stage , but the French have one of their"
101070,chatgpt-gpt4o_results,4,occurred when imagined. The bow tie was,correct that image . The bow tie has
92571,claude-vision_results,4,given 2 girls society reopening an no,given a gala society reopening on the
100968,chatgpt-gpt4o_results,4,Annie besanna Phourna to join this,Prince Souvanna Phouma to join his
100849,chatgpt-gpt4o_results,4,kawunda's requested statements that all be RS,Kaunda's repeated statements that all he is
98610,claude-vision_results,4,Heather and Neve hood again al,Heather and Steve stood aghast at
140808,gemini-portkey_results,4,"' or 't'. Let's assume it's ""shall"". 's' - 'h' - 'a' - 'l' - 'l'. The crossbar is strange","relations , and tell them of"
2140,Qwen3-VL-8B-Instruct_results,4,Ceuhgrade v. Faltwennheit. The fight is cu. The challenger has belwuid,Centigrade v. Fahrenheit . The fight is on . The challenger has behind
1599,Qwen3-VL-8B-Instruct_results,4,"pert, mr. goeller withdrew his case","part , Mr. Godber muttered his way"
1617,Qwen3-VL-8B-Instruct_results,4,labelled M. P. S. and has argued that,lobbied M.P.s and harangued them
98878,claude-vision_results,4,"""Got her all right,"" said Hor. ""Two-thirty-five, on the dot."" ""It's",""" Left here all right , "" said Ifor . "" Two-thirty-five , on the dot . "" "" It 's"
140869,gemini-portkey_results,4,"` - Clear, with a question mark and a quote mark.
    *   `Piers` - Looks like P-i-e-r-s.
    *   `","through Sir John's nonsense ? "" Piers could"
139975,gemini-portkey_results,4,""" or some other symbol? Unlikely. Let's assume the first word is ""nal"". ""nal founds,"" - makes no sense. Let's reconsider ""not"". The last","nal funds , they were usually granted an"
140220,gemini-portkey_results,4,Heatler and neve nood aglan a1,Heather and Steve stood aghast at
1091,Qwen3-VL-8B-Instruct_results,3," hostage, but the French have me at their","stage , but the French have one of their"
1098,Qwen3-VL-8B-Instruct_results,3,for adaptation we have first charge in,for adaptation as the first stage in
2152,Qwen3-VL-8B-Instruct_results,3,certi grade would leave get off to a better,centigrade would have got off to a better
140133,gemini-portkey_results,3,"Word 7: `was` (looks like a squiggly line, but contextually must be ""was"". Starts with 'w', has an 'a' shape, ends","Alf Barton , who in 1911 was presented"
1218,Qwen3-VL-8B-Instruct_results,3,troops. this made theme was that unclear,troops . His main theme was that nuclear
198,Qwen3-VL-8B-Instruct_results,3,meeting. But he hold MPs yesterday: 1.,"meeting . But he told M Ps yesterday : "" I"
1032,Qwen3-VL-8B-Instruct_results,3,occurred that image. The now he has,correct that image . The bow tie has
140101,gemini-portkey_results,3,"as the Bakers' Union, for vohm thei vent on Satur-","as the Bakers' Union , for whom they went on Satur-"
139591,gemini-portkey_results,3,"Houe, tnat she was goiug for a walk, but would not be","Hone , that she was going for a walk , but would not be"
139583,gemini-portkey_results,3,"claqhau, ou the qreuises of a dairyuau, Bridger, for","Clapham , on the premises of a dairyman , Bridger , for"
140627,gemini-portkey_results,3,"Re-evaluate the second word:** Let's look at ""thrown"" again. The first vertical stroke could be the stem of a 't', and the following part is an 'h'.",heedlessly thrown down their souls .
140353,gemini-portkey_results,3,phere of the seer. A matter which on Earth could hardly,sphere of the sun . A matter which on Earth would hardly
140223,gemini-portkey_results,3,"llion al, and dangling loosely.","thrust out , arms dangling loosely ."
722,Qwen3-VL-8B-Instruct_results,3,"by Comrades Krobo Eolusei, Tewie Ademofio, "" and","by Comrades Krobo Edusei , Tawia Adamafio , "" and"
139578,gemini-portkey_results,3,During tnat time a descriqtiou of tne girl was,During that time a description of the girl was
7312,Qwen3-VL-8B-Instruct_results,3,"and Jay's head turned over. ""I'd like","and Gay's heart turned over . "" I 'd like"
7322,Qwen3-VL-8B-Instruct_results,3,I'm glad you're beginning to see that you're wasting,I 'm glad you 're beginning to see that you 're wasting
7546,Qwen3-VL-8B-Instruct_results,3,paragraphs workings were omitted. C.H. Roberts is of,paragraphos markings were omitted . C. H. Roberts is of
7950,Qwen3-VL-8B-Instruct_results,3,the end of the day with for her shain if,the end of the day with far less strain if
8858,Qwen3-VL-8B-Instruct_results,3,"by Datta, who in 1911 has presented","Alf Barton , who in 1911 was presented"
8945,Qwen3-VL-8B-Instruct_results,3, heater and have good aglan at,Heather and Steve stood aghast at
2353,Qwen3-VL-8B-Instruct_results,3," mile route in Surrey. A warder, Mr. Josh Feulay,","mile route in Surrey . A warden , Mr. Jack Finlay ,"
2449,Qwen3-VL-8B-Instruct_results,3, threat to those whose tail end spin has been,threat to those who toil and spin has been
2696,Qwen3-VL-8B-Instruct_results,3,"Scoborough decision, while scratchily","Scarborough decisions , while # scratching"
3222,Qwen3-VL-8B-Instruct_results,3,of need. He shares he room and gives he his forborn,of need . He shares her room and gives her his forlorn
3736,Qwen3-VL-8B-Instruct_results,3,"unless I'm exceedingly tolerant. ""But I'll","unless I 'm exceedingly 2skint . "" But I 'll"
3742,Qwen3-VL-8B-Instruct_results,3,"flowers in a cultural desert. ""Now, we - I'm","flower in a cultural desert . "" Now , me - I 'm"
3757,Qwen3-VL-8B-Instruct_results,3, thepad and that salcation Army chop Gaxpin-,Shepard and that Salvation Army chap Gagarin -
4089,Qwen3-VL-8B-Instruct_results,3,supplying our parts from hardwood. Not sure,ripping out parts from hardwood . Most men
89068,chandra_results,3,"So you?"" It did. Jan Barley's name was","to you ? "" It did . Ian Bawley's name was"
100974,chatgpt-gpt4o_results,3,of Fairie Row Aunt have arrived in,of Prince Boun Oum have arrived in
101146,chatgpt-gpt4o_results,3,for it - and where live all my bucket,for it - and therefore of any budget
101230,chatgpt-gpt4o_results,3,b surround their Resides on the tarmac far,to surround their President on the tarmac for
101236,chatgpt-gpt4o_results,3,stake visit 20 minutes after Mr. Khrushchev had,state visit 40 minutes after Mr. Khrushchov had
101252,chatgpt-gpt4o_results,3,She is British for the training of farmers,sites in Britain for the training of German
96961,claude-vision_results,3,"massacre, yessir."" ""If you'll take a chance","2massacree , 2yessir . "" "" If you 'll take a chance"
96987,claude-vision_results,3,I'm glad you're beginning to see that you're wasting,I 'm glad you 're beginning to see that you 're wasting
97211,claude-vision_results,3,paragraphs workings were omitted. C.H. Roberts is of,paragraphos markings were omitted . C. H. Roberts is of
97615,claude-vision_results,3,the end of the day with for her stories if,the end of the day with far less strain if
98291,claude-vision_results,3,because the marching route marches.,became mere marauding route marches .
98523,claude-vision_results,3,"aey Deitar, who in 1911 hr presented","Alf Barton , who in 1911 was presented"
98529,claude-vision_results,3,Shown to say that it may not be,known to say that it was not ne-
98604,claude-vision_results,3,become a cat rials of ecnasy,became great sighs of ecstacy .
98743,claude-vision_results,3,phere of the seers. A matter which on Earth could hardly,sphere of the sun . A matter which on Earth would hardly
98879,claude-vision_results,3,"the mask, now, for did, ""dear Hugh,"" he bellowed, ""Leap on your bicycle","the mask , now , Ifor did . "" Dai Pugh , "" he bellowed . "" Leap on your bicycle"
100451,chatgpt-gpt4o_results,3,"sure - and iucrease heriure, to do 10 - 60",more - and increase taxation to do so - or
100495,chatgpt-gpt4o_results,3,science; we also tried to show that the,Service ; the other tried to show that the
100808,chatgpt-gpt4o_results,3,by plain-clothes men. Committeemember M. Jorges,by plain-clothes men . Committee-member Mr. George
93401,claude-vision_results,3,"unless I'm exceedingly Eskint. ""But I'll","unless I 'm exceedingly 2skint . "" But I 'll"
94213,claude-vision_results,3,ad your our teacher. You will the be,and your own teacher . You will then be
95734,claude-vision_results,3,"Bella stared. ""You're later than usual, aren't you?""","brella stand . ' You 're later than usual , aren't you ? '"
96698,claude-vision_results,3,"Busses crawl. Veg pale, Broughtons wes. But","Buses crawl . "" Very pale , Broughtons was . But"
96957,claude-vision_results,3,I ain't zeddicated in shootin. It'd be a,2ain't 2eddicated in shootin' . It 'd be a
96959,claude-vision_results,3,"""You're 2 durned tootin', mister,"" said the man",""" You 're 2durned tootin' , mister , "" said the man"
88726,chandra_results,3,"Good luck, Sir Marshal,"" she said gently. ""I'll  
be right behind you.""",""" Good luck , Air Marshal , "" she said gently . "" I 'll"
88811,chandra_results,3,learned gratify tho his native village at the,earned gratuity to his native village at the
88925,chandra_results,3,"teethless maw stretched in a wide grin, bared her","toothless mouth stretched in a wide grin , told her"
88963,chandra_results,3,"weather side of that pie! He'll crack!""","weather side of that pier ! He 'll wreck ! """
88975,chandra_results,3,"with the tiles still had oves, bought","with the tiller still hard over , brought"
88976,chandra_results,3,The hills had oves and at the,the tiller hard over and at the
89065,chandra_results,3,was. I'm Jan Rawley. Does that mean anything,was . I 'm Ian Bawley . Does that mean anything
101636,chatgpt-gpt4o_results,3,was a new illegitimate baby. For the week,and her illegitimate baby . For the most
101643,chatgpt-gpt4o_results,3,"Kruschev, was also here to be","# Khruschev , was also taken to the"
101652,chatgpt-gpt4o_results,3,Word Alexander through he Central,bomb demonstrators thronged the Central
101726,chatgpt-gpt4o_results,3,"Mes sheal Andreí Grechko, co wunanding the","Marshal Andrei Grechko , commanding the"
101423,chatgpt-gpt4o_results,3,Service-men and all uniform by the end,Serviceman out of uniform by the end
101431,chatgpt-gpt4o_results,3,Will this add can be considered. If,where this need even be considered . If
101438,chatgpt-gpt4o_results,3,in at odds with his Sonic chef own,is at odds with the Service chiefs over
101450,chatgpt-gpt4o_results,3,Washington in 1983.,Watkinson is right .
101469,chatgpt-gpt4o_results,3,"Lawrence, standing in a Provosive way","Lawrence , standing as a Progressive , was"
101470,chatgpt-gpt4o_results,3,"echoed in their strongholds, the Bloom.","returned in their strongholds , like Bloem-"
101477,chatgpt-gpt4o_results,3,"Mr. Newman, let the Progressives deprecate","Mr. Plewman , left the Progressives deprived"
101478,chatgpt-gpt4o_results,3,"allegorically by the wicked poet, accidentally","afterwards by the United party candidate ,"
101518,chatgpt-gpt4o_results,3,was gotta appreciate and bein could,that # appeasement over Berlin could
101553,chatgpt-gpt4o_results,3,it was the situation was very weak,that the situation was rather more
101571,chatgpt-gpt4o_results,3,"censored by Mr. Sinwell, James Labour","censured by Mr. Shinwell , former Labour"
100050,chatgpt-gpt4o_results,3,"and lie in, to be backed by Mr. Will Griffith,","and he is to be backed by Mr. Will Griffiths ,"
88237,chandra_results,3,Heather and Neve Wood again at,Heather and Steve stood aghast at
88239,chandra_results,3,The loss from his breakfast-root bread,He rose from his breakfast-nook bench
102190,chatgpt-gpt4o_results,3,centigrade would leave get off to a letter,centigrade would have got off to a better
102259,chatgpt-gpt4o_results,3,programmes in bright cols. In America color T.V is five years,programmes in bright colours . In America colour TV is five years
102379,chatgpt-gpt4o_results,3,What freedom lost if Her policies were adopted?,that freedom last if their policies were adopted ?
102529,chatgpt-gpt4o_results,3,They'll be clipping the man who plays a straight theodolite nerd.,They 'll be clapping the man who plays a straight theodolite next .
102922,chatgpt-gpt4o_results,3,"playwriter and author, wrote: ""Wici's blackg","playwright and author , wrote : "" Wicki's blacks"
102930,chatgpt-gpt4o_results,3,graphed as to kick the director. this earlier,grapher as to Wicki the director . His earlier
102944,chatgpt-gpt4o_results,3,given a galx society keeping on hw,given a gala society reopening on the
101581,chatgpt-gpt4o_results,3,heavily had another hit as the prime minister's,Healey had another tilt at the Prime Minister's
101590,chatgpt-gpt4o_results,3,"have power, and only those who really mean","take part , and only those who "" really meant"
101599,chatgpt-gpt4o_results,3,Then Mr. Healy laughed and on his perk,Then Mr. Healey launched out on his pet
101605,chatgpt-gpt4o_results,3,doing double checks minus box,using double standards . Ministers had
101615,chatgpt-gpt4o_results,3,occurred as it by her. Sin well.,scorn heaped on it by Mr. Shinwell .
101632,chatgpt-gpt4o_results,3,Solicitor General and law Behaves,"Labour Solicitor-General , and Mrs. Barbara"
101635,chatgpt-gpt4o_results,3,This was to remind you of her awareness,This was too reminiscent of the nursemaid
101851,chatgpt-gpt4o_results,3,wires and arms he took off a world car.,forces and arms to touch off a world war .
101872,chatgpt-gpt4o_results,3,WEST GERMANY - Russia could like to be a Germany,WEST GERMANY - Russia would like to see a clear #
102028,chatgpt-gpt4o_results,3,made India was respected globally by providing,made . India has responded handsomely by providing
102116,chatgpt-gpt4o_results,3,have no man make greater than the want,have us run risks greater than the West
89106,chandra_results,3,It's my business. I'll tell you more. You're,""" It 's my business . I 'll tell you more . You 're"
89248,chandra_results,3,"low or five mile valley, sandy-floured. H","four or five mile valley , sandy-floored . It"
89267,chandra_results,3,at the digging there was a roughly - built,of the diggings there was a roughly-built
89355,chandra_results,3,to the ba. Doc and Kilynn well,to the bar . Doc and Lilyan were
89477,chandra_results,3,"which ""back"" she would have to step, only that significant buy","which ' lark ' she would have to stop , only that significant tiny"
89496,chandra_results,3,"""BLES YOU! I HOPE LUKE IS SUITABLE GRATEFUL, PARING."" ""OH, WOH,""",""" Bless you ! I hope Luke is suitably grateful , darling . "" "" Oh , well , """
89529,chandra_results,3,"them out."" He's the canny lark, isn't he?","them out . "" He 's the carrotty lad , isn't he ? """
87033,chandra_results,3,(1) Matzo represent Pesach; (2) Morav,( 1 ) Matzo represents Peshat ; ( 2 ) Moraur
87349,chandra_results,3,latter part of the verse by Rani bas Rabi,latter part of the verse by Rami bar Rabh
87640,chandra_results,3,late still the young Victorian book advertising,later still the young Victorian buck adventuring
87918,chandra_results,3,because we were misunderstanding route markers.,became mere marauding route marches .
88156,chandra_results,3,Seemeth to say that it may not be-,known to say that it was not ne-
106034,chatgpt-gpt4o_results,3,"and Cecil, with a few hes fix drops","and Cecil , with a further six stops"
106107,chatgpt-gpt4o_results,3,"Hello, friend. ""You're later than usual, aren't you?""","brella stand . ' You 're later than usual , aren't you ? '"
106267,chatgpt-gpt4o_results,3,stop panicking and read the latest newspapers,sip pastis and read the local newspapers .
106278,chatgpt-gpt4o_results,3,"One called the Patriots Communists, and at the same time","One called La Patriote is Communist , and at the time"
103639,chatgpt-gpt4o_results,3,equally familiar loops do wild laughter.,equally familiar hoops to mild laughter .
103757,chatgpt-gpt4o_results,3,brandy owner's solace in her anecdotal,brandy owner's solo swish on his anecdotal
103774,chatgpt-gpt4o_results,3,"unless I'm exceedingly Eskiut. ""But I'll","unless I 'm exceedingly 2skint . "" But I 'll"
103854,chatgpt-gpt4o_results,3,toad in the air with is lake,"touch ) in the film , which is better-"
104098,chatgpt-gpt4o_results,3,mashed oud as ad (A); Fig. 3 .,"marked out as at ( A ) , Fig. 3 ."
104127,chatgpt-gpt4o_results,3,carrying out works from hardwood. Not new,ripping out parts from hardwood . Most men
104154,chatgpt-gpt4o_results,3,marshes. They were as deep in the,machines . They never are cheap in the
104179,chatgpt-gpt4o_results,3,timber can be used by Parma plane is,timber can be used but Parana pine is
104394,chatgpt-gpt4o_results,3,the stench of small gone and baby died from infection,the stench of small game and birds dead from insecti-
104572,chatgpt-gpt4o_results,3,si-ply pack uew thip into the store,simply pack new things into the store .
104581,chatgpt-gpt4o_results,3,a well-established lore ad the work,a well-established learner and the world
101842,chatgpt-gpt4o_results,3,Mr. Kreschev raised the body of,MR. KRUSCHEV raises the bogy of
107052,chatgpt-gpt4o_results,3,Ana would she was arriving there might,new world she was entering there might
107163,chatgpt-gpt4o_results,3,"""laot impertinent remarks. u will four other people-""","last impertinent remark . "" With four other people - """
107190,chatgpt-gpt4o_results,3,wake to wake him swim when he is done.,water to make him swim when he is born .
107330,chatgpt-gpt4o_results,3,I ain't dedicated in shootin'. It'd be a,2ain't 2eddicated in shootin' . It 'd be a
107334,chatgpt-gpt4o_results,3,"""massacree, yessir."" ""If you'll take a chance""","2massacree , 2yessir . "" "" If you 'll take a chance"
107350,chatgpt-gpt4o_results,3,"and Jay's head turned over. ""I'd like","and Gay's heart turned over . "" I 'd like"
107360,chatgpt-gpt4o_results,3,I'm glad you're beginning to see that you're wasting,I 'm glad you 're beginning to see that you 're wasting
104743,chatgpt-gpt4o_results,3,"Preparation for Retirement, an an Ocapatioaal","Preparation for Retirement , and on Occupational"
104778,chatgpt-gpt4o_results,3,you the plan. A good start will put them the,you offer them . A good start will put them in a
104881,chatgpt-gpt4o_results,3,He incumbent of the diploma said to the,the incumbent of the highest church in the
104889,chatgpt-gpt4o_results,3,"Co-Je-ce , when I reme-bo introducing myself a","Conference , where I remember introducing myself as"
105406,chatgpt-gpt4o_results,3,"great at the return of Ulkstaryism, Hat the convey","great at the return of Ultratoryism , that the Commons"
105524,chatgpt-gpt4o_results,3,shawn handed seventeen years before he had led the,shown themselves seventeen years before had had the
105581,chatgpt-gpt4o_results,3,no clue has been found for the 6 tic douleurs. As,no cure has been found for the 6tic douloureux . As
105596,chatgpt-gpt4o_results,3,"The 6tic clouloureux. As early qs 1830, whan","the 6tic douloureux . As early as 1830 , when"
106020,chatgpt-gpt4o_results,3,that the wash cock were heavily,that the warm coats were heating
84660,chandra_results,3,"greatest at the return of Ultrastoryism, that the commoners","great at the return of Ultratoryism , that the Commons"
85312,chandra_results,3,"of reeds of paper. ""Gr!"" he muttered aloud, ""there's","of wads of paper . ' Cor ! ' he muttered aloud , ' there 's"
85361,chandra_results,3,"Bella stard. ""You're later than usual, aren't you?""","brella stand . ' You 're later than usual , aren't you ? '"
85500,chandra_results,3,"crim instead for three thousand, that's were I live, just","Grimstead for three thousand , that 's where I live , just"
85521,chandra_results,3,500 pashis and read the total newspapers,sip pastis and read the local newspapers .
108046,chatgpt-gpt4o_results,3,he comment of Rani bar Rath is quoted,the comment of Rami bar Rabh is quoted
108095,chatgpt-gpt4o_results,3,latter part of the verse by Louis des Rath.,latter part of the verse by Rami bar Rabh
108131,chatgpt-gpt4o_results,3,The flotilla pressed in there again most big,the Fladen Ground ( where again most big
108158,chatgpt-gpt4o_results,3,"What kind it is enough are travelling, just as","that find it if enough are travelling , just as"
108215,chatgpt-gpt4o_results,3,Ishued permis ovil some fish.,indeed passing over some fish .
106296,chatgpt-gpt4o_results,3,bal very good in house furnishing and colour; memory,6al view ; good intimate furnishing and colour ; running
106297,chatgpt-gpt4o_results,3,that woke from Butages installation for washing-up.,"hot water from Butagas installation for washing-up ,"
106377,chatgpt-gpt4o_results,3,beech and the tin pie hinges,beech and the thin pine fingers
106395,chatgpt-gpt4o_results,3,nous La Promenade des Anglais. A ceug,over the Promenade des Anglais . A huge
106406,chatgpt-gpt4o_results,3,"could not happen, the chosen save, flee","could ever happen , the chosen sane , the"
106844,chatgpt-gpt4o_results,3,"Connected by the sliding sole of the seced poll-tax,","corrected by the sliding scale of the second poll-tax ,"
108790,chatgpt-gpt4o_results,3,"full-Kox heel supplied 23,000, a fax of","poll-tax had supplied 22,000 , a tax of"
108880,chatgpt-gpt4o_results,3,"learned hook, the eloquent fate leads of","Conrad Noel , the eloquent leader of"
108902,chatgpt-gpt4o_results,3,8 Enough to say that it may not be,known to say that it was not ne-
107518,chatgpt-gpt4o_results,3,"success lost weight in ITV's ""Private Potter,"" Wis","success last night in I T V's "" Private Potter , "" his"
107584,chatgpt-gpt4o_results,3,paragraphs working were omitted. C H. Roberts is 18,paragraphos markings were omitted . C. H. Roberts is of
107761,chatgpt-gpt4o_results,3,"MELACH BRITH ELEOHECHO in Hebrew, Salt is the covenaut of thy God,","( MELACH BRITH ELOHECHO in Hebrew , Salt is the covenant of 1thy God ,"
107942,chatgpt-gpt4o_results,3,"physical illness. That is, an inability of","physical illness . There is , nevertheless , a"
88370,chandra_results,3,phere of the sun. It makes which on Earth would hardly,sphere of the sun . A matter which on Earth would hardly
88373,chandra_results,3,"interest in the Nos, doubtless because their habits is","interest to the Mos , doubtless because their habitat is"
88487,chandra_results,3,"a prominent, a mass of clear rock crusted with","a promontory , a mass of clean rock crowned with"
88492,chandra_results,3,"watching, unaided, from the window, and Han, on the pavement, knowing in his","waving , unkissed , from the window . And Dai , on the pavement , knowing in his"
88505,chandra_results,3,"""Left her all right,"" said Hor. ""Two-thirty-five, on the dot."" ""It's",""" Left here all right , "" said Ifor . "" Two-thirty-five , on the dot . "" "" It 's"
88724,chandra_results,3,arranging a supper party. Then see how it.,arranging a supper party . Then she rang off .
83840,chandra_results,3,and you our teacher. You will the be,and your own teacher . You will then be
84135,chandra_results,3,The inambet of the lighted church is the,the incumbent of the highest church in the
84343,chandra_results,3,"At home, every other high up & priest.","At Rome , every other man was a priest :"
108665,chatgpt-gpt4o_results,3,and that it arises lead to target campaigns,"and that , if archers had no target , campaigns"
108668,chatgpt-gpt4o_results,3,obvious words for those who are judged rough,obvious morals for those who are judges long
85791,chandra_results,3,It also parades *gna* *Collorijida* in a selection of negligence \*?,It also parades Gina Lollobrigida in a selection of neglige*?
86584,chandra_results,3,I ain't redelicateed in shootin'. It'd be a,2ain't 2eddicated in shootin' . It 'd be a
86588,chandra_results,3,"Zmasacre, Zyessir. ""If you'll take a chance","2massacree , 2yessir . "" "" If you 'll take a chance"
86786,chandra_results,3,"CO believed Mrs. Courtney played the part with a gawky,","C O believed him . Courtenay played the part with a gawky ,"
86890,chandra_results,3,the book. King Herod of Herod books of Herod,the rock . King Mesha of Moab boasts of their
81108,chandra_results,3,"hottest of our days in Europe. Even now, aided by","hotbed of war danger in Europe . Even now , aided by"
81123,chandra_results,3,With fire and sword from deities Algyria the right to self-,With fire and sword France denies Algeria the right to self-
81125,chandra_results,3,of a third could come. The best way to work out such a tragic,of a third world war . The best way to rule out such a tragic
81319,chandra_results,3,Hillier in the pictures. It was Mr. Bernerod who,Hitler in the thirties . It was Dr. Verwoerd who
81330,chandra_results,3,maker this very way hopes that he may be in-,makes illusory any hopes that he may be in-
81440,chandra_results,3,people's at the charge.,public of the change .
81769,chandra_results,3,of the village stonewarts of Hambleton & ho,of the village stalwarts of Hambledon who
81776,chandra_results,3,"breast, a firm grip on the willow and a lefty counterpunch for","heart , a firm grip on the willow and a hefty contempt for"
108735,chatgpt-gpt4o_results,3,"rices, quality and care could be efficiently ru-","prices , quality and tax could be efficiently su-"
109735,chatgpt-gpt4o_results,3,"3 Nov, disputed his [illegible], 3 Jul",""" 3Naw , "" disputed Willie . 3"" Just"
109763,chatgpt-gpt4o_results,3,and then we’ll all get hotel and leave. “A,"and then we 'll all get hold and heave . "" A"
109771,chatgpt-gpt4o_results,3,nick. just because he's an Honorable he can do,sick . Just because he 's an Honourable he can do
109775,chatgpt-gpt4o_results,3,do yard and now that she's ready for near he goes,dockyard and now that she 's ready for sea he goes
108983,chatgpt-gpt4o_results,3,Heather and Neve stood again and,Heather and Steve stood aghast at
108986,chatgpt-gpt4o_results,3,"him all, arm dangling loosely.","thrust out , arms dangling loosely ."
109021,chatgpt-gpt4o_results,3,escaped Tibetan subjugation. This time. But we ne,caped Thetan subjugation . This time . But we no
109119,chatgpt-gpt4o_results,3,interest incests to be less doubtless because their habits is,"interest to the Mos , doubtless because their habitat is"
109238,chatgpt-gpt4o_results,3,"moving, unshaded, from the window, and then, on the pavement, knowing in his","waving , unkissed , from the window . And Dai , on the pavement , knowing in his"
109251,chatgpt-gpt4o_results,3,"""Left her all right,"" said Rex. ""Two-thirty-five, on the dot."" ""It's",""" Left here all right , "" said Ifor . "" Two-thirty-five , on the dot . "" "" It 's"
109308,chatgpt-gpt4o_results,3,'m afraid I don't h her Dai again. And,would never see her Dai again . And
109365,chatgpt-gpt4o_results,3,"Stared back did Price Ru Provision, unwinding.","Stared back did Price the Provisions , unwinking ."
109618,chatgpt-gpt4o_results,3,"from him to handle gently, wd, sensing something","from him to fondle Judy , who , sensing something"
108218,chatgpt-gpt4o_results,3,the wine-red film the weekly hummel 6,the seine-net film this usually seemed to
108219,chatgpt-gpt4o_results,3,hoppin just past the fish head rising above,happen just after the fish had risen above
108389,chatgpt-gpt4o_results,3,How our universe has always been there.,than mere converse has always been there .
82203,chandra_results,3,Scan a crucial spring up on the right of,Soon a carnival springs up on the sight of
82303,chandra_results,3,The film version of Mir Shabagh Delany's play A,The film version of Miss Shelagh Delaney's play A
83028,chandra_results,3,"unless I'm exceedingly sick. ""But I'll","unless I 'm exceedingly 2skint . "" But I 'll"
83051,chandra_results,3,"""That's enough of all that honey."" HE slumps","That 's enough of all that hooey . "" HE plunges"
83433,chandra_results,3,timber can be used by Parma plane is,timber can be used but Parana pine is
83649,chandra_results,3,of DPT and fuel oil over 3 million acres a year,of DDT and fuel oil over 3 million acres or when
83838,chandra_results,3,"logists, way of who would be to","logists , many of whom would like to"
80324,chandra_results,3,corrected that image. The now he has,correct that image . The bow tie has
80383,chandra_results,3,"otage, but the French have me at their","stage , but the French have one of their"
80407,chandra_results,3,"that G-51, and the F-104 Starfighter,","Fiat G-91 , and the F 104 Starfighter ,"
80510,chandra_results,3,troops. This made theme was that unclear,troops . His main theme was that nuclear
80644,chandra_results,3,about 400'000 men. The White Service,"about 400,000 men . The three Services"
80853,chandra_results,3,Then Mr. Mealy laughed out as his pet,Then Mr. Healey launched out on his pet
80868,chandra_results,3,Godley's performance mesmerized all the minds,Godber's performance merited all the mild
109730,chatgpt-gpt4o_results,3,"knocked the pier, the judge, and lap","reached the pier , the judge on legs"
109731,chatgpt-gpt4o_results,3,lip or fever jaws. That boy of,hip as I ever saw . That boy of
116128,chatgpt5_results,3,"Nea politan , Or Guiseppe Mauro , whom Anglesey","Neapolitan , Dr Giuseppe Mauro , whom Anglesey"
116495,chatgpt5_results,3,"Bella stared. ""You're later than usual, aren't you?""","brella stand . ' You 're later than usual , aren't you ? '"
117010,chatgpt5_results,3,they like melons even at night-time.,"1thy life means even at night-time . """
109814,chatgpt-gpt4o_results,3,"""do you?"" I did. Jan Bawley's name was","to you ? "" It did . Ian Bawley's name was"
109852,chatgpt-gpt4o_results,3,"""It's my business, I'll tell you more. You're",""" It 's my business . I 'll tell you more . You 're"
109938,chatgpt-gpt4o_results,3,"""ever me. “Yes,” I said. It'll be near to-""","near me . "" Yes , "" I said . "" It 'll be here to-"
109949,chatgpt-gpt4o_results,3,"playing the NFL be in danger. ""That's so","flying she might be in danger . "" "" That 's so ."
109951,chatgpt-gpt4o_results,3,"Turned the conversation. ""Let's ride the wave.""","turned the conversation . "" Let 's ride over"
110106,chatgpt-gpt4o_results,3,"Her caught her breath, and laid","then caught her breath , a cold hand"
110211,chatgpt-gpt4o_results,3,and in Liverpool they'd walk sea-faces.,and in Liverpool they 'd want sea-farers .
110223,chatgpt-gpt4o_results,3,"which ""task"" she would have to prep, only that significant thing","which ' lark ' she would have to stop , only that significant tiny"
110257,chatgpt-gpt4o_results,3,"No someday, Phil. He's always doing that.","to somebody , Phil . He 's always doing that . """
110275,chatgpt-gpt4o_results,3,"Them out. “He’s the cowardly ?ace, isn't he?”","them out . "" He 's the carrotty lad , isn't he ? """
109675,chatgpt-gpt4o_results,3,"explained right at the the stat trat “Mis' Beryl""","explained right at the start that "" 3Mis' Beryl """
109695,chatgpt-gpt4o_results,3,"of a mile and a half, came the jowl under his pill","of a mile and a half , came the yawl under her full"
109709,chatgpt-gpt4o_results,3,"""weather side of that pie ! He'll crack !""","weather side of that pier ! He 'll wreck ! """
112411,chatgpt5_results,3,re - established in their part by negotiations,re-established in their port by negotiation
80869,chandra_results,3,scorn wrapped on it by Mrs. Simwell.,scorn heaped on it by Mr. Shinwell .
80872,chandra_results,3,"me leftwing opinion so coolly, nubbed last",the Left-wing opinion so coolly snubbed last
80891,chandra_results,3,"port, Mr. Gooder mumbled his way","part , Mr. Godber muttered his way"
80906,chandra_results,3,could demonstrate through the Central,bomb demonstrators thronged the Central
81036,chandra_results,3,May any fort not determining its future.,play any part in # determining its future .
81096,chandra_results,3,Mr. Krescher raised the body of,MR. KRUSCHEV raises the bogy of
9814,Qwen3-VL-8B-Instruct_results,3,It's my business. I'll tell you more. You're,""" It 's my business . I 'll tell you more . You 're"
9935,Qwen3-VL-8B-Instruct_results,3,Country that lay all around Gibbong Crany.,country that lay all round Gilburg Crossing .
9973,Qwen3-VL-8B-Instruct_results,3,go and kill Mick Dowd we've come to talk,go and tell Nick Dowd we 've come to talk
79301,chandra_results,3,meeting of Labour OM Pr tomorrow. Mr. Michael,meeting of Labour 0M Ps tommorow . Mr. Michael
113166,chatgpt5_results,3,Britain is an ever more danger ous position.,Britain in an even more dangerous position .
113337,chatgpt5_results,3,Soon a crowd sprang up at the sight of,Soon a carnival springs up on the sight of
114268,chatgpt5_results,3,middle - aged romances respectably well and,middle-aged romancers respectably wed and
114542,chatgpt5_results,3,madness. They were as deep in the,machines . They never are cheap in the
114762,chatgpt5_results,3,with vertical members as shewn in the plans. Take le,with vertical members as shown in the plans . Make the
9153,Qwen3-VL-8B-Instruct_results,3,sensational's going to happen. There's brings lurking,sensational 's going to happen . There 's things lurking
9213,Qwen3-VL-8B-Instruct_results,3,"""Git her all right,"" said Dor. ""Two-thirty-five, on the dot."" ""It's",""" Left here all right , "" said Ifor . "" Two-thirty-five , on the dot . "" "" It 's"
9214,Qwen3-VL-8B-Instruct_results,3,"He made, now, for did, ""Dai Pugh,"" he bellowed, ""Leap on your bicycle","the mask , now , Ifor did . "" Dai Pugh , "" he bellowed . "" Leap on your bicycle"
9332,Qwen3-VL-8B-Instruct_results,3,"Mutilinous dog, Rough! He Rev. Edwards, who hadn't","Mutinous dog , thought the Rev. Edwards , who hadn't"
9429,Qwen3-VL-8B-Instruct_results,3,an eventful life had become acquainted with,uneventful life had he come across a girl who
117748,chatgpt5_results,3,I'm glad you're beginning to see That you're wasting,I 'm glad you 're beginning to see that you 're wasting
119367,chatgpt5_results,3,his boss. He yielded his own,his toes . He stretched his arms
120240,chatgpt5_results,3,"""It's my business, I'll tell you more, You're",""" It 's my business . I 'll tell you more . You 're"
120668,chatgpt5_results,3,"Do something, Phil. He's always doing that.""","to somebody , Phil . He 's always doing that . """
131760,gemini-portkey_results,3,diferent - fundamentally diferent from that of Labor. They,different - fundamentally different from that of Labour . They
132638,gemini-portkey_results,3,Wahinson i ght.,Watkinson is right .
110401,chatgpt-gpt4o_results,3,I don’t know.,"soon be his wife . The Devil , he thought ,"
110407,chatgpt-gpt4o_results,3,"the fiend friend of the family, Lesie Re","the fake friend of the family , like the"
111181,chatgpt5_results,3,by plain-clothes men. Committeemember M. Jorge,by plain-clothes men . Committee-member Mr. George
111763,chatgpt5_results,3,about 400'000 men. The Home Service,"about 400,000 men . The three Services"
112215,chatgpt5_results,3,Mr. Kreschev raised the body of,MR. KRUSCHEV raises the bogy of
6499,Qwen3-VL-8B-Instruct_results,3,It also parades gna Collobrigidia in a selection of negligence.,It also parades Gina Lollobrigida in a selection of neglige*?
6540,Qwen3-VL-8B-Instruct_results,3,in def. 2.8 and 1. of Vol. 4.13.,in Neh. 2.8 and S. of Sol. 4.13 .
7292,Qwen3-VL-8B-Instruct_results,3,I ain't dedicated in shootin'. It'd be a,2ain't 2eddicated in shootin' . It 'd be a
7294,Qwen3-VL-8B-Instruct_results,3,"""You're Zdurned footin', mister,"" said the man",""" You 're 2durned tootin' , mister , "" said the man"
135676,gemini-portkey_results,3,"' is not a letter. 'h' is the most likely candidate.
So, ""months"".
Let's re-examine the second word. 'a', 's'. Yes",mantis as a pest control in the cold
132822,gemini-portkey_results,3,any inner areas.,only little ones .
79304,chandra_results,3,could be in to be backed by Mr. Will Griffiths.,"and he is to be backed by Mr. Will Griffiths ,"
79539,chandra_results,3,Weavers of New York. One of his talks with,Weaver of New York . One of his tasks will
79671,chandra_results,3,"between Foreign Ministers, who is due R","German Foreign Minister , who is due in"
79700,chandra_results,3,dollar reserves. Dr. Adams's course in the,dollar reserves . Dr. Adenauer's answer is the
79701,chandra_results,3,have the obvious intent in upholding the new,run the obvious risks in upsetting the new
80014,chandra_results,3,"by Comrades Krobò Edusei, Tewie Ademfio,"" and","by Comrades Krobo Edusei , Tawia Adamafio , "" and"
80222,chandra_results,3,Prince Louwanna Phoebe to join this,Prince Souvanna Phouma to join his
8948,Qwen3-VL-8B-Instruct_results,3,"ll, un cur, and dangling loosely.","thrust out , arms dangling loosely ."
8979,Qwen3-VL-8B-Instruct_results,3,hurrier the brake to a screeching stop. A,"Laurier , he braked to a screeching stop . A"
9007,Qwen3-VL-8B-Instruct_results,3,ing how the Phelan madinations had been,ting how the Thetan machinations had been
138310,gemini-portkey_results,3,"""Didn't they teach you at Cromwell that busses aren't",""" Didn't they teach you at Cranwell that buses are"
138570,gemini-portkey_results,3,"massacree, yessir."" ""If you'll take a chance","2massacree , 2yessir . "" "" If you 'll take a chance"
138596,gemini-portkey_results,3,I'm glad you're beginning to see that you're wasting,I 'm glad you 're beginning to see that you 're wasting
135006,gemini-portkey_results,3,"unless I'm exceedingly skint. ""But I'll","unless I 'm exceedingly 2skint . "" But I 'll"
135007,gemini-portkey_results,3,""".
        *   Wait, let me look at the whole phrase. ""Royce a [scribble] type of transport. [Word] the"".
        *   Let's look",Royce a type of transport . She 's the
135086,gemini-portkey_results,3,"tood) in the film, wich is bette -","touch ) in the film , which is better-"
9609,Qwen3-VL-8B-Instruct_results,3, He's quick capable of killing Sir John to take,He 's quite capable of telling Sir John to take
9612,Qwen3-VL-8B-Instruct_results,3, Nat Forrest might at least have hired. He's,But Forrest might at least have tried . He 's
9657,Qwen3-VL-8B-Instruct_results,3,"of a mile and a half, came the jowl under his fell","of a mile and a half , came the yawl under her full"
9671,Qwen3-VL-8B-Instruct_results,3,"weathers side of that pie! He'll wreck!""","weather side of that pier ! He 'll wreck ! """
9683,Qwen3-VL-8B-Instruct_results,3,"with the tiles still had overs, bought","with the tiller still hard over , brought"
9684,Qwen3-VL-8B-Instruct_results,3,the titles had cues and at the,the tiller hard over and at the
9693,Qwen3-VL-8B-Instruct_results,3,lip on Jever saw. That boy of,hip as I ever saw . That boy of
6192,Qwen3-VL-8B-Instruct_results,3,"who, but it's a very general rule, Mrs. Buxbery,",""" Oh , but it 's a very general rule , Mrs. Buttery ,"
6271,Qwen3-VL-8B-Instruct_results,3,"mmutated on a nearby roof top, the other prim copulabily.","immolated on a nearby roof top , the other pair copulating ."
6362,Qwen3-VL-8B-Instruct_results,3,we parked hu dambretta opposite hu,We parked the Lambretta opposite the
936,Qwen3-VL-8B-Instruct_results,3,of Crime Book Club have arrived in,of Prince Boun Oum have arrived in
1412,Qwen3-VL-8B-Instruct_results,3,washington in sight.,Watkinson is right .
1420,Qwen3-VL-8B-Instruct_results,3,incarnant where one abhenician has to be,moment # when attention had to be
1449,Qwen3-VL-8B-Instruct_results,3, evident that votes were barred by hue,evident that voters were bored by the
1495,Qwen3-VL-8B-Instruct_results,3,It was the end of the rabies curians,It was the end of a rather curious
1539,Qwen3-VL-8B-Instruct_results,3,"obscene or Berlin, damaging and obscene","obscure on Berlin , damaging and obscure"
1563,Qwen3-VL-8B-Instruct_results,3,we Qn hear the waliqned naticus for rat,rebuked the unaligned nations for not
1577,Qwen3-VL-8B-Instruct_results,3,corn heaped on it by her. She well.,scorn heaped on it by Mr. Shinwell .
141089,gemini-portkey_results,3,"""It's my business. I'll tell you more. You're",""" It 's my business . I 'll tell you more . You 're"
141189,gemini-portkey_results,3,men who'll be after that coach I'm invested,men who 'll be after that coach I 'm interested
141273,gemini-portkey_results,3,""" -> ""and""
    *   ""forks"" -> ""forks""
    *   ""and"" -> ""and""
    *   ""tidying""",and forks and tidying up implements . It might
268,Qwen3-VL-8B-Instruct_results,3,"ambience il mancavano elementi Washington camp""","audience it was "" current Washington gossip """
137340,gemini-portkey_results,3,"Bella stared. ""You're later than usual, aren't you?""","brella stand . ' You 're later than usual , aren't you ? '"
4358,Qwen3-VL-8B-Instruct_results,3,spiritmen described are sprayed akin as literally work with,witness described one sprayed area as literally rank with
4532,Qwen3-VL-8B-Instruct_results,3,so as to wake .7 grams. He does not,so as to make it grow . He does not
6064,Qwen3-VL-8B-Instruct_results,3,Truk and Creper Tannin- free Tea.,Trunk and Greppes Tannin-free Tea .
99438,claude-vision_results,3,was. I am Jan Rawley. Does that mean anything,was . I 'm Ian Bawley . Does that mean anything
99479,claude-vision_results,3,It's my business. I'll tell you more. You're,""" It 's my business . I 'll tell you more . You 're"
100047,chatgpt-gpt4o_results,3,meeting of Labour on Ph towards. Mr. Michael,meeting of Labour 0M Ps tommorow . Mr. Michael
89661,chandra_results,3,"be the friend of the family, love the","the fake friend of the family , like the"
89663,chandra_results,3,"Be equal being some how as ineffective, not","the result being somehow as ineffective , not"
90027,claude-vision_results,3,payment of a 210 million dept to Ameriton.,payment of a 210million debt to America .
90756,claude-vision_results,3,"otage, But the French have me at their","stage , but the French have one of their"
91113,claude-vision_results,3,"Viness Graatt, have been rebuked mopposed,","Villiers Graaff , have been returned unopposed ."
91264,claude-vision_results,3,"pert, Mr. Goeleer muttered his words","part , Mr. Godber muttered his way"
91469,claude-vision_results,3,Mr. Krescher raised the body of,MR. KRUSCHEV raises the bogy of
91813,claude-vision_results,3,peebles at the cleavage.,public of the change .
1597,Qwen3-VL-8B-Instruct_results,3,This was to remind me of the nurse maid,This was too reminiscent of the nursemaid
